year;natgas;hardcoal;lignite;uranium
2020;0.213327;0.22146;0.234997;0.15096
2021;0.264;0.282323;;
2030;0.7;0.4;0.35;
2045;1.0;;;